event_date,entry_date,exit_date,entry,exit,gross_ret,net_ret
2000-04-04,2000-04-05,2000-04-11,1428.5,1624.65,0.13731186559327968,0.13631186559327968
2000-04-13,2000-04-17,2000-04-24,1518.55,1388.0,-0.0859701689111323,-0.0869701689111323
2000-05-02,2000-05-03,2000-05-09,1330.15,1378.55,0.03638687366086524,0.03538687366086524
2000-07-24,2000-07-25,2000-07-31,1317.35,1332.85,0.01176604547007254,0.010766045470072538
2000-09-18,2000-09-19,2000-09-25,1351.8,1292.55,-0.043830448291167334,-0.044830448291167335
2001-02-16,2001-02-19,2001-02-23,1381.4,1320.45,-0.04412190531345017,-0.04512190531345017
2001-03-02,2001-03-05,2001-03-12,1304.85,1197.95,-0.08192512549335162,-0.08292512549335163
2001-03-13,2001-03-14,2001-03-20,1125.15,1170.95,0.04070568368661953,0.03970568368661953
2001-09-12,2001-09-13,2001-09-19,982.2,912.2,-0.07126858073712072,-0.07226858073712072
2001-09-21,2001-09-24,2001-09-28,853.0,913.85,0.0713364595545134,0.0703364595545134
2002-02-28,2002-03-01,2002-03-07,1142.05,1193.05,0.04465653868044317,0.04365653868044317
2002-04-19,2002-04-22,2002-04-26,1100.5,1097.4,-0.0028169014084505895,-0.0038169014084505895
2002-07-22,2002-07-23,2002-07-29,1012.05,971.65,-0.03991897633516128,-0.04091897633516128
2002-10-25,2002-10-28,2002-11-01,932.35,951.45,0.02048586904059646,0.01948586904059646
2002-12-04,2002-12-05,2002-12-11,1036.75,1069.75,0.03183023872679036,0.03083023872679036
2003-01-27,2003-01-28,2003-02-03,1036.35,1055.3,0.018285328315723604,0.017285328315723603
2003-03-24,2003-03-25,2003-03-31,1013.5,978.2,-0.034829797730636325,-0.035829797730636326
2003-04-10,2003-04-11,2003-04-21,958.9,947.2,-0.012201480863489378,-0.013201480863489379
2003-07-21,2003-07-22,2003-07-28,1115.35,1169.2,0.048280808714753265,0.047280808714753264
2003-08-25,2003-08-26,2003-09-01,1270.2,1375.95,0.08325460557392539,0.08225460557392539
2003-09-15,2003-09-16,2003-09-22,1330.15,1302.9,-0.020486411306995467,-0.021486411306995468
2004-01-21,2004-01-22,2004-01-29,1824.7,1843.6,0.01035786704663777,0.009357867046637769
2004-04-27,2004-04-28,2004-05-04,1819.0,1793.1,-0.014238592633315061,-0.015238592633315062
2004-05-11,2004-05-12,2004-05-18,1699.25,1503.95,-0.1149330587023687,-0.1159330587023687
2005-01-05,2005-01-06,2005-01-12,2031.55,1913.6,-0.05805911742265757,-0.05905911742265757
2005-04-15,2005-04-18,2005-04-22,1955.5,1967.35,0.006059831245205816,0.005059831245205816
2005-07-07,2005-07-08,2005-07-14,2183.55,2185.1,0.0007098532206726293,-0.00029014677932737067
2005-08-23,2005-08-24,2005-08-30,2326.1,2367.75,0.017905507071922955,0.016905507071922954
2005-09-22,2005-09-23,2005-09-29,2480.5,2611.2,0.05269098971981445,0.05169098971981445
2005-10-06,2005-10-07,2005-10-14,2577.2,2484.4,-0.03600807077448387,-0.03700807077448387
2006-03-08,2006-03-09,2006-03-16,3116.75,3226.6,0.035245046923878975,0.034245046923878975
2006-04-12,2006-04-13,2006-04-20,3380.4,3573.5,0.05712341734705939,0.05612341734705939
2006-04-25,2006-04-26,2006-05-02,3462.65,3605.45,0.04124009068199208,0.04024009068199208
2006-05-15,2006-05-16,2006-05-22,3502.95,3081.35,-0.12035570019554942,-0.12135570019554942
2006-06-08,2006-06-09,2006-06-15,2721.2,2798.8,0.028516830809936833,0.027516830809936832
2006-12-11,2006-12-12,2006-12-18,3849.1,3928.75,0.020693149047829484,0.019693149047829484
2006-12-19,2006-12-20,2006-12-27,3832.15,3974.25,0.03708101196456304,0.03608101196456304
2007-02-12,2007-02-13,2007-02-20,4069.1,4106.95,0.00930181121132434,0.00830181121132434
2007-02-28,2007-03-01,2007-03-07,3745.4,3626.85,-0.031652159982912376,-0.03265215998291238
2007-03-14,2007-03-15,2007-03-21,3644.9,3764.55,0.032826689346758586,0.031826689346758585
2007-04-02,2007-04-03,2007-04-10,3633.85,3848.15,0.05897326526961777,0.05797326526961777
2007-07-27,2007-07-30,2007-08-03,4442.35,4401.55,-0.009184328114624107,-0.010184328114624108
2007-08-16,2007-08-17,2007-08-23,4171.1,4114.95,-0.013461676775910592,-0.014461676775910592
2007-10-18,2007-10-19,2007-10-25,5360.35,5568.95,0.03891536933222639,0.03791536933222639
2007-11-21,2007-11-22,2007-11-28,5564.65,5617.55,0.009506437961057879,0.008506437961057878
2007-12-17,2007-12-18,2007-12-26,5777.6,6070.75,0.050739061201882985,0.049739061201882984
2008-01-18,2008-01-21,2008-01-25,5705.0,5383.35,-0.056380368098159495,-0.057380368098159495
2008-02-11,2008-02-12,2008-02-18,4877.85,5276.9,0.08180858369978572,0.08080858369978572
2008-06-20,2008-06-23,2008-06-27,4351.15,4136.65,-0.049297312204819366,-0.05029731220481937
2008-07-01,2008-07-02,2008-07-08,3895.3,3988.55,0.023939106102225827,0.022939106102225826
2008-07-15,2008-07-16,2008-07-22,3861.55,4240.1,0.09803058357395344,0.09703058357395344
2008-10-06,2008-10-07,2008-10-14,3606.95,3518.65,-0.02448051678010499,-0.02548051678010499
2008-10-17,2008-10-20,2008-10-24,3108.2,2584.0,-0.1686506659803101,-0.1696506659803101
2009-08-17,2009-08-18,2009-08-24,4389.5,4642.8,0.057705889053423,0.056705889053423
2009-11-03,2009-11-04,2009-11-10,4567.3,4881.7,0.06883716856786282,0.06783716856786282
2010-01-21,2010-01-22,2010-01-29,5094.15,4882.05,-0.04163599422867392,-0.042635994228673924
2010-02-05,2010-02-06,2010-02-11,4712.75,4826.85,0.02421091719272206,0.023210917192722058
2010-05-19,2010-05-20,2010-05-26,4924.3,4917.4,-0.0014012143858010973,-0.0024012143858010973
2010-06-01,2010-06-02,2010-06-08,4970.75,4987.1,0.003289242066086606,0.002289242066086606
2010-10-15,2010-10-18,2010-10-22,6112.75,6066.05,-0.007639769334587543,-0.008639769334587544
2010-11-12,2010-11-15,2010-11-22,6079.9,6010.0,-0.011496899620059509,-0.01249689962005951
2010-12-09,2010-12-10,2010-12-16,5761.0,5948.75,0.032589828154834244,0.03158982815483424
2011-01-07,2011-01-10,2011-01-14,5901.3,5654.55,-0.04181282090386862,-0.04281282090386862
2011-02-04,2011-02-07,2011-02-11,5430.15,5310.0,-0.02212646059501111,-0.02312646059501111
2011-02-24,2011-02-25,2011-03-04,5321.05,5538.75,0.04091297770176938,0.03991297770176938
2011-08-05,2011-08-08,2011-08-12,5083.85,5072.95,-0.002144044375817611,-0.003144044375817611
2011-08-18,2011-08-19,2011-08-25,4859.3,4839.6,-0.004054081863642867,-0.005054081863642867
2011-09-22,2011-09-23,2011-09-29,4873.75,5015.45,0.029074121569633293,0.028074121569633292
2012-02-27,2012-02-28,2012-03-03,5310.5,5359.4,0.009208172488466282,0.008208172488466281
2012-03-22,2012-03-23,2012-03-29,5255.65,5178.85,-0.014612845223711535,-0.015612845223711536
2013-02-21,2013-02-22,2013-02-28,5837.95,5693.05,-0.024820356460743875,-0.025820356460743876
2013-03-19,2013-03-20,2013-03-26,5740.55,5641.6,-0.0172370243269373,-0.0182370243269373
2013-04-04,2013-04-05,2013-04-11,5568.1,5594.0,0.004651496919954701,0.0036514969199547007
2013-05-13,2013-05-14,2013-05-20,5989.7,6156.9,0.02791458670718061,0.02691458670718061
2013-05-23,2013-05-24,2013-05-30,6010.7,6124.05,0.01885803650157225,0.01785803650157225
2013-05-31,2013-06-03,2013-06-07,5997.35,5881.0,-0.019400235103837593,-0.020400235103837594
2013-06-20,2013-06-21,2013-06-27,5639.9,5682.35,0.007526729197326221,0.006526729197326221
2013-08-06,2013-08-07,2013-08-14,5549.3,5742.3,0.034779161335664055,0.033779161335664054
2013-08-16,2013-08-19,2013-08-23,5497.55,5471.75,-0.004692999608916781,-0.005692999608916781
2013-08-27,2013-08-28,2013-09-03,5233.45,5341.45,0.02063648262618356,0.01963648262618356
2014-01-27,2014-01-28,2014-02-03,6131.85,6001.8,-0.02120893368233079,-0.02220893368233079
2014-07-08,2014-07-09,2014-07-15,7637.95,7526.65,-0.01457197284611711,-0.01557197284611711
2014-09-23,2014-09-24,2014-09-30,8015.55,7964.8,-0.006331443257168834,-0.007331443257168834
2014-12-16,2014-12-17,2014-12-23,8041.2,8267.0,0.028080386012037994,0.027080386012037994
2015-01-06,2015-01-07,2015-01-13,8118.65,8299.4,0.02226355366963717,0.02126355366963717
2015-03-09,2015-03-10,2015-03-16,8769.75,8633.15,-0.015576270703269834,-0.016576270703269835
2015-03-26,2015-03-27,2015-04-06,8396.0,8659.9,0.03143163411148153,0.03043163411148153
2015-04-20,2015-04-21,2015-04-27,8416.1,8213.8,-0.02403726191466371,-0.02503726191466371
2015-05-06,2015-05-07,2015-05-13,8077.0,8235.45,0.019617432214931396,0.018617432214931395
2015-06-02,2015-06-03,2015-06-09,8232.45,8022.4,-0.025514883175725478,-0.02651488317572548
2015-08-24,2015-08-25,2015-08-31,7895.4,7971.3,0.009613192491830791,0.00861319249183079
2016-01-04,2016-01-05,2016-01-11,7828.4,7563.85,-0.03379362321802659,-0.03479362321802659
2016-01-20,2016-01-21,2016-01-28,7376.65,7424.65,0.0065070187686822045,0.0055070187686822045
2016-02-11,2016-02-12,2016-02-18,7023.65,7191.75,0.02393342492863404,0.02293342492863404
2016-06-24,2016-06-27,2016-07-01,8039.35,8328.35,0.0359481798901653,0.0349481798901653
2016-09-12,2016-09-14,2016-09-20,8710.65,8775.9,0.007490830190628683,0.006490830190628683
2016-09-29,2016-09-30,2016-10-06,8581.5,8709.55,0.01492163374701394,0.01392163374701394
2016-10-13,2016-10-14,2016-10-20,8594.0,8699.4,0.012264370491040122,0.011264370491040121
2016-11-11,2016-11-15,2016-11-21,8284.85,7929.1,-0.04293982389542361,-0.04393982389542361
2017-08-11,2017-08-14,2017-08-21,9755.75,9754.35,-0.00014350511236960184,-0.0011435051123696019
2017-08-29,2017-08-30,2017-09-05,9859.5,9952.2,0.009402099497946237,0.008402099497946236
2017-09-22,2017-09-25,2017-09-29,9960.1,9788.6,-0.017218702623467586,-0.018218702623467586
2017-11-30,2017-12-01,2017-12-07,10263.7,10166.7,-0.009450782856085027,-0.010450782856085028
2018-02-02,2018-02-05,2018-02-09,10604.3,10454.95,-0.014083909357524682,-0.015083909357524683
2018-03-16,2018-03-19,2018-03-23,10215.35,9998.05,-0.021271909430416125,-0.022271909430416126
2018-09-10,2018-09-11,2018-09-18,11476.85,11278.9,-0.017247763977049524,-0.018247763977049525
2018-09-24,2018-09-25,2018-10-01,10969.95,11008.3,0.003495913837346487,0.002495913837346487
2018-10-03,2018-10-04,2018-10-10,10754.7,10460.1,-0.0273926748305392,-0.0283926748305392
2018-10-11,2018-10-12,2018-10-19,10331.55,10303.55,-0.002710145137951203,-0.003710145137951203
2019-04-22,2019-04-23,2019-04-30,11612.95,11748.15,0.011642175330127014,0.010642175330127013
2019-07-08,2019-07-09,2019-07-15,11531.6,11588.35,0.004921259842519676,0.003921259842519676
2019-08-22,2019-08-23,2019-08-29,10699.6,10948.3,0.02324385958353581,0.022243859583535808
2019-09-03,2019-09-04,2019-09-11,10790.4,11035.7,0.02273317022538568,0.02173317022538568
2020-01-06,2020-01-07,2020-01-13,12079.1,12329.55,0.020734160657664757,0.019734160657664757
2020-02-01,2020-02-03,2020-02-07,11627.45,12098.35,0.04049899161037018,0.03949899161037018
2020-02-24,2020-02-25,2020-03-02,11877.5,11132.75,-0.06270258892864655,-0.06370258892864655
2020-03-06,2020-03-09,2020-03-16,10742.05,9197.4,-0.14379471329960292,-0.14479471329960292
2020-03-18,2020-03-19,2020-03-25,8063.3,8317.85,0.0315689605992584,0.0305689605992584
2020-08-31,2020-09-01,2020-09-07,11464.3,11355.05,-0.009529583140706399,-0.0105295831407064
2020-09-21,2020-09-22,2020-09-28,11301.75,11227.55,-0.006565354922910216,-0.007565354922910216
2020-10-15,2020-10-16,2020-10-22,11727.4,11896.45,0.014414959837645291,0.01341495983764529
2020-12-21,2020-12-22,2020-12-29,13373.65,13932.6,0.04179487275351157,0.04079487275351157
2021-01-27,2021-01-28,2021-02-03,13810.4,14789.95,0.07092843074784239,0.06992843074784238
2021-02-26,2021-03-01,2021-03-05,14702.5,14938.1,0.01602448563169534,0.015024485631695339
2021-04-12,2021-04-13,2021-04-20,14364.9,14296.4,-0.0047685678285265265,-0.0057685678285265265
2021-10-28,2021-10-29,2021-11-04,17833.05,17916.8,0.004696336296931891,0.003696336296931891
2021-11-22,2021-11-23,2021-11-29,17281.75,17053.95,-0.013181535434779401,-0.014181535434779402
2021-12-20,2021-12-21,2021-12-27,16773.15,17086.25,0.01866673820957887,0.01766673820957887
2022-01-24,2022-01-25,2022-02-01,17001.55,17576.85,0.03383809123285819,0.03283809123285819
2022-02-14,2022-02-15,2022-02-21,16933.25,17206.65,0.01614574874876351,0.01514574874876351
2022-02-24,2022-02-25,2022-03-04,16515.65,16245.35,-0.016366294998985897,-0.0173662949989859
2022-06-13,2022-06-14,2022-06-20,15674.25,15350.15,-0.020677225385584697,-0.021677225385584697
2022-09-16,2022-09-19,2022-09-23,17540.65,17327.35,-0.012160324731409822,-0.013160324731409823
2022-09-26,2022-09-27,2022-10-03,17110.9,16887.35,-0.013064771578350842,-0.014064771578350843
2022-12-23,2022-12-26,2022-12-30,17830.4,18105.3,0.015417489231873471,0.01441748923187347
2023-01-27,2023-01-30,2023-02-03,17541.95,17854.05,0.017791636619646,0.016791636619646
2023-02-22,2023-02-23,2023-03-01,17574.65,17450.9,-0.007041392004961677,-0.008041392004961678
2023-07-21,2023-07-24,2023-07-28,19748.45,19646.05,-0.005185217067668724,-0.006185217067668724
2023-08-02,2023-08-03,2023-08-09,19463.75,19632.55,0.00867253227153042,0.00767253227153042
2023-09-20,2023-09-21,2023-09-27,19840.55,19716.45,-0.006254866926572067,-0.007254866926572067
2023-10-23,2023-10-25,2023-10-31,19286.45,19079.6,-0.010725146411081465,-0.011725146411081466
2023-12-20,2023-12-21,2023-12-28,21033.95,21778.7,0.03540704432595865,0.03440704432595865
2024-01-17,2024-01-18,2024-01-24,21414.2,21453.95,0.0018562449215939747,0.0008562449215939747
2024-03-13,2024-03-14,2024-03-20,21982.55,21839.1,-0.0065256305569645345,-0.0075256305569645346
2024-05-09,2024-05-10,2024-05-16,21990.95,22403.85,0.018775905542961935,0.017775905542961934
2024-06-04,2024-06-05,2024-06-11,22128.35,23264.85,0.051359455178537905,0.050359455178537904
2024-08-05,2024-08-06,2024-08-12,24189.85,24347.0,0.0064965264356744434,0.005496526435674443
2024-10-03,2024-10-04,2024-10-10,25181.9,24998.45,-0.007284994380884702,-0.008284994380884703
2025-01-06,2025-01-07,2025-01-13,23679.9,23085.95,-0.025082453895497903,-0.026082453895497903
2025-02-28,2025-03-03,2025-03-07,22194.55,22552.5,0.01612783318427269,0.015127833184272688
2025-04-07,2025-04-08,2025-04-16,22446.75,23437.2,0.044124427812489486,0.043124427812489485
2026-01-08,2026-01-09,2026-01-16,25840.4,25694.35,-0.00565200229098628,-0.00665200229098628
2026-01-20,2026-01-21,2026-01-28,25141.0,25342.75,0.008024740463784319,0.007024740463784319
2026-02-01,2026-02-02,2026-02-06,24796.5,25693.7,0.03618252575968395,0.03518252575968395
2026-02-19,2026-02-20,2026-02-26,25406.55,25496.55,0.0035423935953524666,0.0025423935953524665
2026-03-04,2026-03-05,2026-03-11,24615.95,23866.85,-0.03043148852674804,-0.03143148852674804
2026-03-13,2026-03-16,2026-03-20,23116.1,23114.5,-6.921582792940306e-05,-0.001069215827929403
2026-03-23,2026-03-24,2026-04-01,22878.45,22679.4,-0.008700327163772004,-0.009700327163772005
2026-07-08,2026-07-09,2026-07-15,23928.95,24078.5,0.006249751869597198,0.005249751869597198
